,Pre,Post
registered,640.3260869565217,700.804347826087
casual,104.45652173913044,87.76086956521739
temp,0.7786956521739129,0.67
hum,0.4845652173913044,0.523913043478261
windspeed,0.20895652173913049,0.2290695652173913
